id,s,x_m,y_m,psi_rad,kappa_radpm,vx_mps,ax_mps2,d_left,d_right
0,0,-9.848555,4.900626,-2.50255,0.778979,0.8,0,0.65,1.725
1,0.07759,-9.909397,4.852475,-2.441269,0.799411,0.8,0,0.6875,1.7875
2,0.15474,-9.966818,4.800949,-2.378922,0.815486,0.8,0,0.6875,1.825
3,0.231563,-10.020663,4.746155,-2.315784,0.826773,0.8,0,0.725,1.775
4,0.308176,-10.070789,4.688216,-2.252145,0.832979,0.8,0,0.75,1.7125
5,0.384699,-10.117065,4.627271,-2.188302,0.834026,0.8,0,0.7375,1.6375
6,0.461251,-10.159375,4.563473,-2.12455,0.829987,0.8,0,0.7625,1.55
7,0.53795,-10.197617,4.496988,-2.061174,0.821141,0.8,0,0.775,1.475
8,0.614908,-10.231705,4.427992,-1.998441,0.807874,0.8,0,0.775,1.4
9,0.692229,-10.26157,4.356671,-1.936593,0.790711,0.8,0,0.775,1.35
10,0.770012,-10.287159,4.283217,-1.875848,0.77022,0.8,0,0.7875,1.3
11,0.848345,-10.308437,4.20783,-1.816391,0.747016,0.8,0,0.7625,1.2875
12,0.927306,-10.325386,4.130709,-1.758381,0.721702,0.8,0,0.775,1.25
13,1.006963,-10.338005,4.052058,-1.701943,0.694858,0.8,0,0.75,1.25
14,1.087374,-10.34631,3.972077,-1.647177,0.667014,0.8,0,0.7625,1.2375
15,1.168584,-10.350333,3.890966,-1.594154,0.638647,0.8,0,0.7625,1.225
16,1.250629,-10.350122,3.808922,-1.542923,0.610167,0.8,0,0.7375,1.25
17,1.333533,-10.345738,3.726134,-1.493511,0.581934,0.8,0,0.7375,1.2625
18,1.417311,-10.337256,3.642786,-1.445924,0.554236,0.8,0,0.725,1.3
19,1.501968,-10.324765,3.559056,-1.400152,0.527333,0.8,0,0.725,1.325
20,1.587499,-10.308363,3.475112,-1.356169,0.501412,0.8,0,0.7125,1.375
21,1.673892,-10.288157,3.391116,-1.313932,0.476651,0.8,0,0.7,1.4125
22,1.761125,-10.264263,3.307218,-1.27339,0.453169,0.8,0,0.7,1.45
23,1.849172,-10.236802,3.223564,-1.234476,0.431084,0.8,0,0.7125,1.5
24,1.937996,-10.205903,3.140287,-1.197115,0.410467,0.8,0,0.7125,1.55
25,2.027559,-10.171694,3.057515,-1.161221,0.39139,0.8,0,0.7125,1.5875
26,2.117815,-10.134307,2.975367,-1.126699,0.373895,0.8,0,0.725,1.6
27,2.208714,-10.093873,2.893956,-1.093447,0.358018,0.8,0,0.75,1.5875
28,2.300202,-10.050524,2.813389,-1.061356,0.343779,0.8,0,0.775,1.55
29,2.392225,-10.004388,2.733767,-1.030311,0.331189,0.8,0,0.8,1.4875
30,2.484725,-9.955589,2.655187,-1.000194,0.320242,0.8,0,0.85,1.425
31,2.577642,-9.904248,2.577742,-0.970881,0.310928,0.8,0,0.9125,1.325
32,2.670917,-9.850481,2.501523,-0.942248,0.303217,0.8,0,0.9625,1.2625
33,2.764493,-9.794396,2.426617,-0.91417,0.297073,0.8,0,1.05,1.175
34,2.858311,-9.736098,2.353111,-0.886524,0.292437,0.8,0,1.0875,1.05
35,2.952316,-9.675683,2.28109,-0.859191,0.289244,0.8,0,1.125,1.025
36,3.046456,-9.613241,2.210639,-0.832055,0.287398,0.8,0,1.15,1.05
37,3.140682,-9.548857,2.141841,-0.805008,0.286801,0.8,0,1.15,0.9125
38,3.234949,-9.482607,2.074779,-0.777953,0.287312,0.8,0,1.125,0.9125
39,3.329219,-9.414564,2.009534,-0.750803,0.288788,0.8,0,1.1,1
40,3.423457,-9.344794,1.946186,-0.723485,0.291042,0.8,0,1.0625,1.175
41,3.517637,-9.273357,1.884812,-0.695943,0.293884,0.8,0,1.025,1.325
42,3.611738,-9.200311,1.825488,-0.668139,0.297077,0.8,0,1.0125,1.45
43,3.705748,-9.125709,1.768284,-0.640055,0.300391,0.8,0,0.975,1.5875
44,3.799662,-9.0496,1.713264,-0.611694,0.303548,0.8,0,0.95,1.7
45,3.893481,-8.972032,1.660488,-0.583085,0.306297,0.8,0,0.9125,1.7125
46,3.987215,-8.893052,1.610008,-0.554274,0.308345,0.8,0,0.8875,1.675
47,4.080882,-8.812705,1.561864,-0.525336,0.309448,0.8,0,0.875,1.625
48,4.174505,-8.731035,1.516091,-0.496364,0.309342,0.8,0,0.85,1.575
49,4.268113,-8.648086,1.472708,-0.467472,0.30783,0.8,0,0.8375,1.525
50,4.361741,-8.563905,1.431726,-0.43879,0.304722,0.8,0,0.8375,1.4625
51,4.455425,-8.478536,1.393138,-0.410461,0.29991,0.8,0,0.8375,1.425
52,4.549206,-8.392028,1.356928,-0.382637,0.293318,0.8,0,0.85,1.375
53,4.643123,-8.304428,1.323064,-0.355477,0.284951,0.8,0,0.85,1.325
54,4.737217,-8.215787,1.291499,-0.329134,0.274856,0.8,0,0.875,1.3
55,4.831525,-8.126154,1.262173,-0.303761,0.263151,0.8,0,0.875,1.2875
56,4.926082,-8.035583,1.235012,-0.279498,0.249992,0.8,0,0.8875,1.25
57,5.020917,-7.944125,1.209929,-0.256472,0.235583,0.8,0,0.9125,1.225
58,5.116054,-7.851835,1.186825,-0.234793,0.220151,0.8,0,0.925,1.2125
59,5.211514,-7.758768,1.165591,-0.214552,0.203941,0.8,0,0.95,1.1875
60,5.307308,-7.664976,1.146107,-0.195819,0.187209,0.8,0,0.9625,1.1875
61,5.403443,-7.570515,1.128248,-0.178642,0.170201,0.8,0,0.95,1.1625
62,5.499919,-7.475436,1.111883,-0.163047,0.153159,0.8,0,0.9625,1.175
63,5.596732,-7.379793,1.096873,-0.149038,0.136304,0.8,0,0.9875,1.15
64,5.693873,-7.283637,1.083084,-0.136601,0.119842,0.8,0,1,1.1375
65,5.791326,-7.187015,1.070375,-0.125699,0.103948,0.8,0,1,1.15
66,5.889076,-7.089976,1.058611,-0.116283,0.088784,0.8,0,1.0125,1.1375
67,5.987102,-6.992564,1.047661,-0.108284,0.074476,0.8,0,1.025,1.15
68,6.085382,-6.894821,1.037396,-0.101622,0.061137,0.8,0,1.0375,1.1375
69,6.183896,-6.796786,1.027697,-0.096207,0.048848,0.8,0,1.05,1.125
70,6.28262,-6.698496,1.01845,-0.091937,0.037675,0.8,0,1.05,1.1375
71,6.381532,-6.599985,1.009552,-0.088707,0.027657,0.8,0,1.0625,1.1375
72,6.480612,-6.501282,1.00091,-0.086406,0.01882,0.8,0,1.075,1.125
73,6.57984,-6.402417,0.992439,-0.084919,0.011164,0.8,0,1.075,1.1375
74,6.679197,-6.303413,0.984066,-0.084132,0.004677,0.8,0,1.0875,1.1375
75,6.778666,-6.204294,0.975731,-0.083933,-0.00067,0.8,0,1.1,1.125
76,6.878233,-6.105077,0.96738,-0.084212,-0.00492,0.8,0,1.1,1.1375
77,6.977885,-6.005781,0.958974,-0.084862,-0.008129,0.8,0,1.1375,1.1375
78,7.077609,-5.90642,0.950481,-0.085784,-0.010362,0.8,0,1.15,1.125
79,7.177395,-5.807005,0.94188,-0.086885,-0.011695,0.8,0,1.15,1.1375
80,7.277234,-5.707548,0.933159,-0.088078,-0.012208,0.8,0,1.1875,1.1375
81,7.377118,-5.608056,0.924312,-0.089286,-0.011988,0.8,0,1.275,1.125
82,7.47704,-5.508537,0.915342,-0.090441,-0.011121,0.8,0,1.3375,1.1375
83,7.576994,-5.408997,0.906259,-0.091481,-0.009702,0.8,0,1.3375,1.125
84,7.676976,-5.309438,0.897078,-0.092357,-0.007816,0.8,0,1.35,1.125
85,7.776979,-5.209864,0.887816,-0.093026,-0.005559,0.8,0,1.3125,1.1125
86,7.877,-5.110278,0.878497,-0.093454,-0.003013,0.8,0,1.3,1.125
87,7.977036,-5.01068,0.869147,-0.093618,-0.000267,0.8,0,1.275,1.125
88,8.077083,-4.911072,0.859793,-0.093502,0.002601,0.8,0,1.2625,1.1125
89,8.177138,-4.811452,0.850464,-0.093096,0.005509,0.8,0,1.25,1.125
90,8.277199,-4.711823,0.84119,-0.0924,0.008388,0.8,0,1.2375,1.1125
91,8.377263,-4.612181,0.831999,-0.091422,0.011165,0.8,0,1.2125,1.1125
92,8.477328,-4.512528,0.822919,-0.090174,0.013779,0.8,0,1.2,1.125
93,8.577394,-4.412863,0.813977,-0.088676,0.016164,0.8,0,1.1875,1.1125
94,8.677459,-4.313184,0.805196,-0.086953,0.018274,0.8,0,1.1625,1.125
95,8.777521,-4.213492,0.796597,-0.085036,0.020049,0.8,0,1.15,1.125
96,8.877581,-4.113786,0.788199,-0.082959,0.021453,0.8,0,1.1375,1.1125
97,8.977637,-4.014065,0.780015,-0.080764,0.022437,0.8,0,1.1125,1.125
98,9.077689,-3.91433,0.772055,-0.078492,0.022981,0.8,0,1.1,1.125
99,9.177737,-3.814581,0.764324,-0.076189,0.023043,0.8,0,1.0875,1.1125
100,9.27778,-3.714819,0.756825,-0.073905,0.022625,0.8,0,1.0625,1.1
101,9.377819,-3.615045,0.749551,-0.071688,0.021691,0.8,0,1.025,1.125
102,9.477853,-3.51526,0.742494,-0.06959,0.020268,0.8,0,1,1.1125
103,9.577883,-3.415466,0.73564,-0.067659,0.018331,0.8,0,0.9875,1.1125
104,9.677907,-3.315665,0.728969,-0.065946,0.015925,0.8,0,0.9875,1.1
105,9.777925,-3.215859,0.722457,-0.064497,0.013046,0.8,0,1,1.125
106,9.877936,-3.116051,0.716077,-0.063357,0.00975,0.8,0,1,1.1125
107,9.97794,-3.016245,0.709793,-0.062567,0.006059,0.8,0,1.0125,1.1125
108,10.077936,-2.916443,0.703571,-0.062162,0.002038,0.8,0,1.0125,1.1
109,10.177922,-2.816649,0.69737,-0.062173,-0.002267,0.8,0,1.05,1.125
110,10.277898,-2.716867,0.691147,-0.062626,-0.006785,0.8,0,1.025,1.1125
111,10.377862,-2.617101,0.684857,-0.063537,-0.011448,0.8,0,1.0375,1.1125
112,10.477814,-2.517355,0.678454,-0.064918,-0.016184,0.8,0,1.0375,1.1
113,10.577751,-2.417633,0.67189,-0.066771,-0.020908,0.8,0,1.05,1.125
114,10.677674,-2.317939,0.665119,-0.069092,-0.025546,0.8,0,1.075,1.1125
115,10.777583,-2.218278,0.658094,-0.071867,-0.030011,0.8,0,1.0875,1.1
116,10.877476,-2.118654,0.650772,-0.075076,-0.034228,0.8,0,1.15,1.125
117,10.977355,-2.019069,0.64311,-0.078689,-0.038114,0.8,0,1.175,1.1125
118,11.07722,-1.919529,0.63507,-0.082669,-0.041603,0.8,0,1.2375,1.1125
119,11.177072,-1.820035,0.626618,-0.086974,-0.044623,0.8,0,1.275,1.125
120,11.276913,-1.72059,0.617724,-0.091554,-0.04712,0.8,0,1.325,1.1125
121,11.376746,-1.621197,0.608363,-0.096354,-0.049039,0.8,0,1.3875,1.1125
122,11.476572,-1.521858,0.598516,-0.101314,-0.050346,0.8,0,1.45,1.125
123,11.576394,-1.422574,0.588171,-0.106373,-0.051009,0.8,0,1.5375,1.1125
124,11.676214,-1.323345,0.57732,-0.111465,-0.051013,0.8,0,1.625,1.1
125,11.776036,-1.224171,0.565963,-0.116525,-0.050353,0.8,0,1.6875,1.1125
126,11.875862,-1.125052,0.554108,-0.121486,-0.049039,0.8,0,1.775,1.1125
127,11.975694,-1.025985,0.541768,-0.126284,-0.047089,0.8,0,1.8875,1.1
128,12.075535,-0.92697,0.52896,-0.130858,-0.044535,0.8,0,1.975,1.1125
129,12.175386,-0.828002,0.515711,-0.135149,-0.04142,0.8,0,2.075,1.1
130,12.275248,-0.729078,0.502051,-0.139105,-0.037796,0.8,0,2.1875,1.1125
131,12.375122,-0.630195,0.488016,-0.142676,-0.033722,0.8,0,2.275,1.1
132,12.475008,-0.531348,0.473647,-0.145822,-0.029268,0.8,0,2.375,1.075
133,12.574907,-0.43253,0.458986,-0.148508,-0.024503,0.8,0,2.4625,1.0875
134,12.674818,-0.333738,0.444082,-0.150706,-0.019509,0.8,0,2.5,1.075
135,12.774739,-0.234964,0.428984,-0.152398,-0.01436,0.8,0,2.4,1.0875
136,12.874669,-0.136202,0.413743,-0.153572,-0.00914,0.8,0,2.3375,1.075
137,12.974608,-0.037447,0.398411,-0.154225,-0.003928,0.8,0,2.35,1.075
138,13.074553,0.061309,0.383038,-0.154362,0.001201,0.8,0,1.75,1.0625
139,13.174503,0.160072,0.367677,-0.153993,0.00617,0.8,0,1.3875,1.05
140,13.274457,0.258847,0.352376,-0.153139,0.010912,0.8,0,1.225,1.0375
141,13.374414,0.357642,0.337182,-0.151826,0.015362,0.8,0,1.1375,1.05
142,13.474372,0.456462,0.32214,-0.150086,0.019465,0.8,0,1.0875,1.025
143,13.574331,0.555312,0.30729,-0.147955,0.023174,0.8,0,1.025,1.0375
144,13.674291,0.654197,0.292669,-0.145474,0.02645,0.8,0,0.9875,1.025
145,13.774252,0.753121,0.278309,-0.14269,0.029266,0.8,0,0.975,1.0125
146,13.874213,0.852087,0.264239,-0.139647,0.031603,0.8,0,0.9625,1.025
147,13.974177,0.9511,0.250481,-0.136396,0.033454,0.8,0,0.95,1
148,14.074143,1.05016,0.237054,-0.132983,0.034821,0.8,0,0.9625,0.9875
149,14.174113,1.149271,0.223971,-0.129457,0.035715,0.8,0,0.95,1
150,14.274088,1.248432,0.211241,-0.125865,0.036155,0.8,0,0.9375,0.9875
151,14.374069,1.347644,0.19887,-0.122249,0.036172,0.8,0,0.95,0.975
152,14.474057,1.446908,0.186856,-0.118651,0.035797,0.8,0,0.9625,0.9875
153,14.574054,1.546222,0.175197,-0.115108,0.035074,0.8,0,0.975,0.975
154,14.674059,1.645586,0.163885,-0.111651,0.034046,0.8,0,0.975,0.9625
155,14.774074,1.744997,0.152911,-0.108311,0.032758,0.8,0,0.925,0.95
156,14.8741,1.844454,0.142261,-0.105109,0.031263,0.8,0,0.925,0.9625
157,14.974137,1.943955,0.131921,-0.102064,0.029602,0.8,0,0.9375,0.9625
158,15.074184,2.043497,0.121875,-0.099192,0.027828,0.8,0,0.925,0.95
159,15.174242,2.143077,0.112105,-0.0965,0.025979,0.8,0,0.9375,0.9375
160,15.274312,2.242693,0.102593,-0.093994,0.024104,0.8,0,0.95,0.95
161,15.374391,2.342342,0.09332,-0.091675,0.02223,0.8,0,0.925,0.9375
162,15.47448,2.442022,0.084268,-0.089542,0.020399,0.8,0,0.9375,0.9375
163,15.574579,2.541728,0.075419,-0.087589,0.018631,0.8,0,0.925,0.95
164,15.674686,2.641459,0.066755,-0.085807,0.016957,0.8,0,0.925,0.9375
165,15.7748,2.741213,0.05826,-0.084188,0.015386,0.8,0,0.9125,0.9375
166,15.874922,2.840986,0.049917,-0.08272,0.013941,0.8,0,0.925,0.95
167,15.975049,2.940777,0.041714,-0.08139,0.012622,0.8,0,0.925,0.9375
168,16.075181,3.040583,0.033636,-0.080186,0.011441,0.8,0,0.9375,0.9375
169,16.175318,3.140402,0.025672,-0.079092,0.010393,0.8,0,0.925,0.95
170,16.275458,3.240233,0.017812,-0.078097,0.009482,0.8,0,0.925,0.9375
171,16.3756,3.340073,0.010047,-0.077187,0.008701,0.8,0,0.9375,0.9625
172,16.475743,3.439922,0.002368,-0.076348,0.00805,0.8,0,0.9375,0.95
173,16.575887,3.539777,-0.00523,-0.075569,0.007518,0.8,0,0.925,0.9625
174,16.676031,3.639638,-0.012753,-0.074837,0.007103,0.8,0,0.9375,0.9625
175,16.776172,3.739501,-0.020205,-0.074141,0.006798,0.8,0,0.9125,0.95
176,16.87631,3.839367,-0.027588,-0.07347,0.006603,0.8,0,0.925,0.975
177,16.976443,3.939233,-0.034905,-0.072813,0.006516,0.8,0,0.925,0.9625
178,17.07657,4.039096,-0.042157,-0.072159,0.006543,0.8,0,0.9125,0.95
179,17.176688,4.138956,-0.049342,-0.071496,0.006692,0.8,0,0.925,0.95
180,17.276794,4.238809,-0.05646,-0.070812,0.006979,0.8,0,0.925,0.9625
181,17.376885,4.338652,-0.063507,-0.070091,0.007427,0.8,0,0.9375,0.9625
182,17.476958,4.438481,-0.070478,-0.069316,0.008065,0.8,0,0.9375,0.975
183,17.577007,4.538292,-0.077367,-0.068466,0.008931,0.8,0,0.925,0.975
184,17.677025,4.63808,-0.084165,-0.067516,0.010072,0.8,0,0.925,0.9625
185,17.777007,4.737837,-0.09086,-0.066435,0.011543,0.8,0,0.9375,0.975
186,17.876943,4.837556,-0.097437,-0.065189,0.013407,0.8,0,0.9125,0.975
187,17.976822,4.937228,-0.103876,-0.063733,0.015736,0.8,0,0.925,0.9875
188,18.076632,5.03684,-0.110155,-0.06202,0.01861,0.8,0,0.925,0.9875
189,18.176356,5.136378,-0.116244,-0.059989,0.022115,0.8,0,0.9375,0.975
190,18.275978,5.235827,-0.122107,-0.057576,0.026342,0.8,0,0.9375,1
191,18.375475,5.335166,-0.127702,-0.054705,0.031386,0.8,0,0.925,0.9875
192,18.474822,5.434373,-0.132979,-0.051292,0.037348,0.8,0,0.925,0.9875
193,18.573991,5.533421,-0.137879,-0.047243,0.044327,0.8,0,0.9375,0.9875
194,18.672948,5.632278,-0.142335,-0.042458,0.052427,0.8,0,0.9375,1
195,18.771657,5.730908,-0.146269,-0.036825,0.061744,0.8,0,0.9125,1
196,18.870074,5.829269,-0.149593,-0.030228,0.072385,0.8,0,0.9125,1
197,18.968153,5.927313,-0.152208,-0.022542,0.084443,0.8,0,0.925,0.9875
198,19.065842,6.024986,-0.154006,-0.013635,0.098019,0.8,0,0.925,1.0125
199,19.163086,6.122226,-0.154866,-0.003371,0.113204,0.8,0,0.9,1.0125
200,19.259825,6.218965,-0.15466,0.008388,0.130093,0.8,0,0.9,1.0125
201,19.355995,6.315125,-0.153248,0.021788,0.14877,0.8,0,0.9,1.0375
202,19.451533,6.410622,-0.150483,0.03697,0.16932,0.8,0,0.9,1.05
203,19.54637,6.505364,-0.146211,0.054081,0.191816,0.8,0,0.8875,1.05
204,19.640442,6.599248,-0.140272,0.073262,0.216318,0.8,0,0.8875,1.0875
205,19.733683,6.692165,-0.132501,0.094651,0.242867,0.8,0,0.875,1.0875
206,19.826034,6.783997,-0.122733,0.118382,0.271471,0.8,0,0.875,1.1
207,19.91744,6.874621,-0.1108,0.144575,0.302104,0.8,0,0.8625,1.15
208,20.007854,6.963903,-0.09654,0.17334,0.334669,0.8,0,0.85,1.1625
209,20.097241,7.051707,-0.079793,0.204769,0.369007,0.8,0,0.8375,1.2125
210,20.185577,7.13789,-0.060407,0.23893,0.404834,0.8,0,0.825,1.275
211,20.272855,7.222305,-0.038238,0.275859,0.441779,0.8,0,0.8125,1.3
212,20.359081,7.304803,-0.013158,0.315557,0.47926,0.8,0,0.825,1.375
213,20.444282,7.385234,0.014952,0.357984,0.516747,0.8,0,0.8,1.45
214,20.528507,7.46345,0.046193,0.403053,0.553359,0.8,0,0.8125,1.5125
215,20.61182,7.539305,0.080648,0.450617,0.58811,0.8,0,0.7875,1.5875
216,20.694309,7.612658,0.118382,0.500468,0.619964,0.8,0,0.8,1.7
217,20.776081,7.683374,0.159441,0.552338,0.647803,0.8,0,0.8,1.8
218,20.857257,7.751327,0.203848,0.605895,0.670587,0.8,0,0.8,1.9125
219,20.937976,7.816402,0.251606,0.660755,0.68738,0.8,0,0.8125,2.025
220,21.018385,7.878494,0.302696,0.716493,0.697499,0.8,0,0.8125,2.025
221,21.098639,7.937512,0.357078,0.772654,0.700548,0.8,0,0.8125,1.925
222,21.178893,7.993381,0.414692,0.828773,0.696496,0.8,0,0.8125,1.8125
223,21.2593,8.046041,0.475456,0.884397,0.685664,0.8,0,0.8125,1.7
224,21.340004,8.095448,0.539269,0.939097,0.668701,0.8,0,0.8375,1.5625
225,21.421138,8.141574,0.606015,0.99249,0.646511,0.8,0,0.825,1.4875
226,21.502816,8.184411,0.675559,1.044248,0.620161,0.8,0,0.825,1.3875
227,21.585133,8.223964,0.747751,1.094106,0.590801,0.8,0,0.85,1.3
228,21.668162,8.260256,0.822428,1.141869,0.559555,0.8,0,0.8375,1.2625
229,21.75195,8.293323,0.899415,1.187408,0.527489,0.8,0,0.825,1.2
230,21.83652,8.323217,0.978525,1.230656,0.495533,0.8,0,0.85,1.175
231,21.92187,8.349999,1.059564,1.27161,0.464495,0.8,0,0.8375,1.1375
232,22.007972,8.373741,1.142328,1.310315,0.435031,0.8,0,0.825,1.1
233,22.094774,8.394522,1.226606,1.346867,0.407678,0.8,0,0.8125,1.0875
234,22.182202,8.412425,1.312182,1.381401,0.382858,0.8,0,0.8,1.0625
235,22.270161,8.427537,1.398832,1.414086,0.360913,0.8,0,0.8125,1.05
236,22.358535,8.439942,1.486332,1.445126,0.342121,0.8,0,0.8,1.05
237,22.447193,8.449723,1.574449,1.47475,0.326722,0.8,0,0.8,1.0375
238,22.535988,8.456958,1.662948,1.503213,0.314944,0.8,0,0.8125,1.05
239,22.624759,8.461714,1.751592,1.530794,0.307014,0.8,0,0.7875,1.05
240,22.713338,8.46405,1.84014,1.557794,0.303184,0.8,0,0.7875,1.075
241,22.801546,8.464012,1.928348,1.584534,0.303736,0.8,0,0.7875,1.075
242,22.889202,8.461634,2.015972,1.61136,0.309001,0.8,0,0.7875,1.075
243,22.976121,8.456933,2.102764,1.638637,0.319365,0.8,0,0.7875,1.1
244,23.062122,8.449913,2.188477,1.666751,0.335274,0.8,0,0.775,1.1125
245,23.147028,8.440561,2.272867,1.696109,0.357233,0.8,0,0.775,1.125
246,23.230672,8.428849,2.355687,1.727137,0.38579,0.8,0,0.7875,1.15
247,23.312903,8.414737,2.436698,1.760278,0.421516,0.8,0,0.8,1.1875
248,23.393587,8.398169,2.515662,1.795983,0.464941,0.8,0,0.8125,1.2125
249,23.472617,8.37908,2.592352,1.834704,0.516473,0.8,0,0.8375,1.25
250,23.549915,8.357398,2.666547,1.876877,0.576267,0.8,0,0.85,1.3125
251,23.625441,8.333042,2.738038,1.922903,0.644036,0.8,0,0.8375,1.3625
252,23.699195,8.30593,2.806628,1.973118,0.718823,0.8,0,0.825,1.4125
253,23.771226,8.275978,2.872137,2.027752,0.798746,0.8,0,0.7875,1.5125
254,23.841634,8.243109,2.934401,2.086886,0.880771,0.8,0,0.7375,1.625
255,23.91057,8.207247,2.993275,2.150406,0.960634,0.8,0,0.725,1.7625
256,23.97824,8.16833,3.048635,2.21796,1.032998,0.8,0,0.7125,1.925
257,24.044898,8.126306,3.100378,2.288931,1.091996,0.8,0,0.7,2.2375
258,24.110843,8.081137,3.148424,2.362452,1.132085,0.8,0,0.6875,2.1625
259,24.176401,8.032804,3.192717,2.437443,1.149128,0.8,0,0.675,2
260,24.241923,7.981304,3.233223,2.512696,1.141284,0.8,0,0.65,1.8625
261,24.307757,7.926654,3.269932,2.586985,1.109461,0.8,0,0.6625,1.7625
262,24.374243,7.868893,3.302857,2.65917,1.05704,0.8,0,0.6375,1.675
263,24.441694,7.808077,3.33203,2.728295,0.989135,0.8,0,0.625,1.625
264,24.510385,7.744285,3.357505,2.793641,0.91146,0.8,0,0.6125,1.575
265,24.580547,7.677611,3.379352,2.854739,0.829481,0.8,0,0.625,1.525
266,24.652361,7.608169,3.397658,2.911359,0.747666,0.8,0,0.5875,1.5125
267,24.725959,7.536088,3.412524,2.963468,0.66934,0.8,0,0.5875,1.475
268,24.801426,7.461508,3.424062,3.011183,0.596563,0.8,0,0.6,1.475
269,24.878801,7.384583,3.432394,3.054727,0.530502,0.8,0,0.6,1.4625
270,24.958084,7.305474,3.43765,3.094385,0.471459,0.8,0,0.6625,1.4875
271,25.039245,7.224346,3.439964,3.130475,0.419353,0.8,0,0.6625,1.5
272,25.122223,7.14137,3.439474,-3.119863,0.373671,0.8,0,0.6875,1.5
273,25.206938,7.056714,3.436321,-3.089944,0.333857,0.8,0,0.6875,1.2625
274,25.293292,6.970546,3.430644,-3.062655,0.299175,0.8,0,0.675,1.1875
275,25.381177,6.883032,3.422582,-3.037726,0.268995,0.8,0,0.6875,1.15
276,25.470479,6.794327,3.412274,-3.014914,0.242635,0.8,0,0.6875,1.1125
277,25.561079,6.704582,3.399855,-2.994005,0.219538,0.8,0,0.7,1.075
278,25.652859,6.613939,3.385456,-2.974815,0.199152,0.8,0,0.7125,1.05
279,25.745702,6.522528,3.369208,-2.957186,0.181035,0.8,0,0.725,1.0125
280,25.839499,6.43047,3.351235,-2.940984,0.164771,0.8,0,0.7375,1.0125
281,25.934142,6.337873,3.331659,-2.926101,0.150023,0.8,0,0.7375,0.9875
282,26.029532,6.244837,3.310601,-2.912447,0.136488,0.8,0,0.75,0.9875
283,26.125576,6.151447,3.288177,-2.899952,0.123918,0.8,0,0.775,0.9625
284,26.222188,6.057781,3.2645,-2.888558,0.112098,0.8,0,0.7875,0.9375
285,26.319289,5.963905,3.239683,-2.878226,0.100847,0.8,0,0.7875,0.9375
286,26.416806,5.869876,3.213835,-2.868925,0.090011,0.8,0,0.7875,0.9125
287,26.514672,5.775742,3.187066,-2.860637,0.079457,0.8,0,0.8125,0.9
288,26.612826,5.681544,3.159485,-2.853351,0.069069,0.8,0,0.8125,0.9
289,26.711208,5.587316,3.131198,-2.847067,0.058745,0.8,0,0.8375,0.875
290,26.809763,5.493087,3.102317,-2.84179,0.048389,0.8,0,0.8375,0.875
291,26.90844,5.398881,3.072949,-2.837533,0.037911,0.8,0,0.825,0.8625
292,27.007186,5.30472,3.043209,-2.834319,0.027222,0.8,0,0.825,0.8625
293,27.105951,5.210622,3.01321,-2.832173,0.016229,0.8,0,0.85,0.85
294,27.204682,5.116604,2.983071,-2.831133,0.004839,0.8,0,0.8375,0.85
295,27.303325,5.022684,2.952913,-2.831242,-0.007055,0.8,0,0.8625,0.825
296,27.401824,4.928879,2.922865,-2.832551,-0.019558,0.8,0,0.8625,0.8375
297,27.500121,4.83521,2.893058,-2.835122,-0.032797,0.8,0,0.875,0.8375
298,27.598152,4.7417,2.863634,-2.839024,-0.046892,0.8,0,0.8875,0.8375
299,27.695851,4.648373,2.834736,-2.844339,-0.061998,0.8,0,0.8875,0.8375
300,27.793145,4.55526,2.806521,-2.851155,-0.078251,0.8,0,0.9125,0.825
301,27.889958,4.462396,2.77915,-2.859574,-0.095837,0.8,0,0.9375,0.825
302,27.986211,4.369823,2.752793,-2.869707,-0.114909,0.8,0,0.9625,0.825
303,28.081818,4.277587,2.727627,-2.881673,-0.135679,0.8,0,0.975,0.8125
304,28.176694,4.185742,2.703839,-2.895605,-0.158316,0.8,0,1.025,0.7875
305,28.270749,4.094348,2.681621,-2.91164,-0.183046,0.8,0,1.125,0.7875
306,28.363896,4.003474,2.661171,-2.929926,-0.21003,0.8,0,1.3125,0.775
307,28.456048,3.913193,2.642693,-2.950614,-0.2395,0.8,0,1.3625,0.7375
308,28.547123,3.823589,2.626393,-2.97386,-0.271564,0.8,0,1.3375,0.725
309,28.637047,3.734748,2.612478,-2.999816,-0.306363,0.8,0,1.325,0.7125
310,28.725756,3.646765,2.601155,-3.028621,-0.343747,0.8,0,1.3,0.7
311,28.813202,3.559736,2.592623,-3.060397,-0.383688,0.8,0,1.2625,0.675
312,28.899353,3.473764,2.587077,-3.095241,-0.425878,0.8,0,1.2625,0.6875
313,28.984199,3.388951,2.584701,-3.133213,-0.469749,0.8,0,1.225,0.6875
314,29.067754,3.305402,2.585666,3.108869,-0.514469,0.8,0,1.225,0.6875
315,29.150058,3.223218,2.590126,3.064705,-0.55884,0.8,0,1.2375,0.675
316,29.231183,3.142498,2.598216,3.017636,-0.601358,0.8,0,1.225,0.675
317,29.311226,3.063334,2.610047,2.967923,-0.640166,0.8,0,1.25,0.6625
318,29.390315,2.98581,2.625705,2.915943,-0.673246,0.8,0,1.25,0.6875
319,29.468605,2.909999,2.645246,2.862188,-0.698506,0.8,0,1.2875,0.675
320,29.546269,2.835959,2.668698,2.807264,-0.714069,0.8,0,1.3125,0.6875
321,29.6235,2.763736,2.696054,2.751869,-0.718474,0.8,0,1.3375,0.7
322,29.700494,2.693354,2.727271,2.696764,-0.710907,0.8,0,1.4125,0.7125
323,29.77745,2.62482,2.762274,2.642738,-0.691319,0.8,0,1.4875,0.7125
324,29.854554,2.558117,2.80095,2.590567,-0.660401,0.8,0,1.6375,0.725
325,29.931975,2.493209,2.843151,2.540979,-0.619505,0.8,0,1.65,0.7375
326,30.009854,2.430034,2.888693,2.494621,-0.570371,0.8,0,1.675,0.75
327,30.088302,2.368505,2.937357,2.452045,-0.514944,0.8,0,1.7625,0.775
328,30.167389,2.308515,2.988894,2.413696,-0.455075,0.8,0,1.85,0.8125
329,30.247151,2.249932,3.043022,2.379918,-0.392417,0.8,0,1.9125,0.85
330,30.327579,2.192603,3.099432,2.350964,-0.32826,0.8,0,1.925,0.9
331,30.40863,2.136357,3.157791,2.327011,-0.263544,0.8,0,1.9125,0.9625
332,30.490226,2.081005,3.217742,2.308174,-0.198843,0.8,0,1.8375,1.05
333,30.57226,2.026344,3.278911,2.294527,-0.134428,0.8,0,1.7,1.1125
334,30.6546,1.972161,3.340912,2.286113,-0.070329,0.8,0,1.625,1.2125
335,30.737099,1.918234,3.403346,2.282953,-0.0064,0.8,0,1.55,1.275
336,30.819599,1.864339,3.465808,2.28506,0.057589,0.8,0,1.4375,1.3875
337,30.90194,1.810253,3.527895,2.292436,0.121913,0.8,0,1.35,1.4625
338,30.983968,1.755756,3.589202,2.305073,0.186781,0.8,0,1.2875,1.625
339,31.065541,1.700636,3.649335,2.322952,0.252298,0.8,0,1.2,1.7625
340,31.146537,1.644692,3.707907,2.346029,0.318362,0.8,0,1.15,1.875
341,31.226862,1.587739,3.76455,2.374228,0.384606,0.8,0,1.1,2.05
342,31.306452,1.529609,3.818913,2.407425,0.450319,0.8,0,1.0875,1.9875
343,31.385278,1.470152,3.870667,2.445429,0.514408,0.8,0,1.05,1.8875
344,31.463353,1.409241,3.919511,2.487967,0.575375,0.8,0,1.0375,1.7875
345,31.540729,1.346772,3.965169,2.534667,0.631391,0.8,0,1,1.675
346,31.617496,1.282665,4.007399,2.585052,0.680385,0.8,0,1,1.6
347,31.693782,1.216861,4.045992,2.638532,0.720292,0.8,0,0.9625,1.5375
348,31.769747,1.149326,4.080773,2.69442,0.749253,0.8,0,0.975,1.45
349,31.845574,1.080049,4.111603,2.751952,0.765961,0.8,0,0.95,1.4125
350,31.921466,1.009039,4.13838,2.810315,0.769789,0.8,0,0.95,1.375
351,31.99763,0.936323,4.161038,2.868696,0.760992,0.8,0,0.9375,1.325
352,32.074273,0.861948,4.179547,2.926316,0.740594,0.8,0,0.925,1.3125
353,32.151594,0.785974,4.193914,2.982469,0.710299,0.8,0,0.9,1.2875
354,32.229772,0.708473,4.204177,3.036552,0.672196,0.8,0,0.875,1.3
355,32.308962,0.629528,4.210408,3.088078,0.628525,0.8,0,0.8875,1.2875
356,32.389293,0.54923,4.212707,3.136682,0.581421,0.8,0,0.8375,1.275
357,32.470863,0.467674,4.211203,-3.101069,0.532763,0.8,0,0.8125,1.2875
358,32.553739,0.384958,4.206047,-3.058953,0.484077,0.8,0,0.775,1.3125
359,32.63796,0.301181,4.197412,-3.020213,0.43651,0.8,0,0.775,1.35
360,32.723536,0.216439,4.185491,-2.984844,0.390858,0.8,0,0.7625,1.4
361,32.810452,0.130828,4.170489,-2.952785,0.347619,0.8,0,0.725,1.35
362,32.898671,0.044437,4.152624,-2.923942,0.307039,0.8,0,0.7125,1.2125
363,32.988139,-0.04265,4.132124,-2.898197,0.26921,0.8,0,0.7,1.15
364,33.078785,-0.130355,4.10922,-2.875417,0.234062,0.8,0,0.7,1.1125
365,33.170529,-0.218607,4.08415,-2.855464,0.201488,0.8,0,0.7125,1.075
366,33.263282,-0.307344,4.05715,-2.8382,0.171271,0.8,0,0.7125,1.0625
367,33.35695,-0.396509,4.028456,-2.823489,0.143237,0.8,0,0.7625,1.0375
368,33.451437,-0.486055,3.998303,-2.811205,0.117132,0.8,0,0.7625,1
369,33.546645,-0.575942,3.966918,-2.801226,0.092776,0.8,0,0.775,0.9875
370,33.64248,-0.666136,3.934527,-2.79344,0.069931,0.8,0,0.8,0.9625
371,33.738848,-0.756612,3.901346,-2.787744,0.048435,0.8,0,0.825,0.95
372,33.835661,-0.847349,3.867587,-2.784046,0.028086,0.8,0,0.8375,0.9375
373,33.932837,-0.938333,3.833454,-2.782259,0.008755,0.8,0,0.8625,0.8875
374,34.030297,-1.029554,3.799144,-2.782308,-0.009715,0.8,0,0.8875,0.875
375,34.127969,-1.121006,3.764845,-2.784123,-0.027423,0.8,0,0.9125,0.8625
376,34.225788,-1.212687,3.730741,-2.78764,-0.044476,0.8,0,0.9375,0.8375
377,34.323695,-1.304598,3.697005,-2.792799,-0.060938,0.8,0,0.95,0.825
378,34.421638,-1.396743,3.663806,-2.799546,-0.076872,0.8,0,0.975,0.8
379,34.51957,-1.489124,3.631306,-2.807828,-0.092306,0.8,0,1.0125,0.7875
380,34.617451,-1.581748,3.599658,-2.817593,-0.107259,0.8,0,1.05,0.7875
381,34.715247,-1.674618,3.569011,-2.828788,-0.121726,0.8,0,1.0625,0.7875
382,34.812932,-1.76774,3.539504,-2.841358,-0.135686,0.8,0,1.0875,0.7625
383,34.910483,-1.861117,3.511272,-2.855247,-0.149106,0.8,0,1.125,0.75
384,35.007885,-1.95475,3.484442,-2.870393,-0.161935,0.8,0,1.15,0.7375
385,35.105126,-2.048639,3.459132,-2.886731,-0.174113,0.8,0,1.1375,0.7375
386,35.202202,-2.142783,3.435454,-2.904189,-0.185576,0.8,0,1.1625,0.725
387,35.299111,-2.237176,3.413512,-2.92269,-0.196249,0.8,0,1.1875,0.725
388,35.395859,-2.33181,3.393401,-2.942151,-0.206062,0.8,0,1.2125,0.7125
389,35.492452,-2.426675,3.375209,-2.962486,-0.214948,0.8,0,1.2375,0.675
390,35.588904,-2.521757,3.359012,-2.9836,-0.222839,0.8,0,1.275,0.6625
391,35.685229,-2.61704,3.34488,-3.005397,-0.229692,0.8,0,1.275,0.65
392,35.781444,-2.712503,3.332872,-3.027777,-0.235457,0.8,0,1.2375,0.6375
393,35.87757,-2.808125,3.323037,-3.050638,-0.240129,0.8,0,1.25,0.65
394,35.973629,-2.90388,3.315417,-3.073877,-0.243676,0.8,0,1.2375,0.625
395,36.069641,-2.999742,3.310042,-3.097395,-0.24614,0.8,0,1.2,0.6375
396,36.165631,-3.095681,3.306934,-3.121091,-0.247516,0.8,0,1.2,0.6125
397,36.26162,-3.191667,3.306106,3.138314,-0.247883,0.8,0,1.2,0.6125
398,36.35763,-3.287666,3.307563,3.114542,-0.24726,0.8,0,1.175,0.6125
399,36.453683,-3.383646,3.311301,3.090861,-0.245755,0.8,0,1.1375,0.6375
400,36.549796,-3.479572,3.317307,3.067351,-0.243404,0.8,0,1.0875,0.625
401,36.645989,-3.57541,3.325564,3.044083,-0.240329,0.8,0,1.05,0.625
402,36.742277,-3.671126,3.336045,3.021121,-0.236577,0.8,0,1.05,0.6375
403,36.838674,-3.766685,3.348719,2.998522,-0.232263,0.8,0,1.025,0.65
404,36.93519,-3.862056,3.36355,2.976337,-0.227434,0.8,0,1.025,0.6625
405,37.031837,-3.957205,3.380494,2.954608,-0.222189,0.8,0,1.0125,0.675
406,37.128621,-4.052103,3.399505,2.933375,-0.216574,0.8,0,1.0125,0.6875
407,37.225547,-4.146721,3.420535,2.91267,-0.210661,0.8,0,1.0125,0.6875
408,37.32262,-4.241032,3.443527,2.89252,-0.204478,0.8,0,1.025,0.725
409,37.419843,-4.335012,3.468427,2.872952,-0.198073,0.8,0,1.025,0.725
410,37.517215,-4.428638,3.495174,2.853987,-0.191459,0.8,0,1.0375,0.725
411,37.614736,-4.521892,3.523707,2.835648,-0.184657,0.8,0,1.0125,0.75
412,37.712405,-4.614756,3.553962,2.817955,-0.177663,0.8,0,1.025,0.75
413,37.810219,-4.707219,3.585872,2.800929,-0.170479,0.8,0,1.0125,0.75
414,37.908175,-4.79927,3.619369,2.784592,-0.163083,0.8,0,1,0.775
415,38.006269,-4.890903,3.654383,2.768969,-0.155466,0.8,0,0.9875,0.7875
416,38.104497,-4.982114,3.69084,2.754085,-0.147596,0.8,0,1.0125,0.7875
417,38.202852,-5.072905,3.728666,2.73997,-0.139455,0.8,0,1,0.775
418,38.30133,-5.16328,3.767783,2.726653,-0.131003,0.8,0,1,0.7875
419,38.399923,-5.253249,3.80811,2.714171,-0.122229,0.8,0,0.9875,0.8125
420,38.498624,-5.342822,3.849565,2.702559,-0.113088,0.8,0,0.9875,0.825
421,38.597425,-5.432018,3.89206,2.691856,-0.103582,0.8,0,0.9875,0.8375
422,38.696318,-5.520855,3.935507,2.682103,-0.09367,0.8,0,0.9875,0.85
423,38.795291,-5.609359,3.979811,2.673343,-0.083366,0.8,0,0.975,0.825
424,38.894336,-5.697557,4.024876,2.665618,-0.072644,0.8,0,0.9875,0.8375
425,38.993438,-5.78548,4.070602,2.65897,-0.061529,0.8,0,1,0.85
426,39.092587,-5.873163,4.116885,2.653441,-0.050015,0.8,0,0.975,0.85
427,39.191767,-5.960644,4.163617,2.64907,-0.038136,0.8,0,0.975,0.85
428,39.290965,-6.047962,4.210688,2.645894,-0.02591,0.8,0,0.975,0.8625
429,39.390164,-6.135161,4.257984,2.643945,-0.013381,0.8,0,0.975,0.8625
430,39.489349,-6.222284,4.305388,2.643252,-0.00059,0.8,0,0.95,0.8625
431,39.588503,-6.309377,4.352783,2.643838,0.012417,0.8,0,0.9375,0.875
432,39.687608,-6.396486,4.400048,2.645721,0.025578,0.8,0,0.9375,0.9
433,39.786648,-6.483656,4.447061,2.64891,0.038843,0.8,0,0.925,0.9
434,39.885605,-6.570934,4.493699,2.653411,0.052141,0.8,0,0.8875,0.9125
435,39.984463,-6.658363,4.539839,2.659221,0.065423,0.8,0,0.8875,0.9375
436,40.083204,-6.745985,4.585361,2.666331,0.078619,0.8,0,0.875,0.9375
437,40.181813,-6.83384,4.630141,2.674726,0.091685,0.8,0,0.8625,0.975
438,40.280273,-6.921963,4.674059,2.684385,0.104563,0.8,0,0.825,1
439,40.37857,-7.010385,4.716997,2.695284,0.117229,0.8,0,0.8125,1.025
440,40.476687,-7.099134,4.758837,2.707393,0.129636,0.8,0,0.8,1.0875
441,40.574609,-7.18823,4.799465,2.72068,0.141796,0.8,0,0.7875,1.3375
442,40.67232,-7.277687,4.838769,2.735114,0.153685,0.8,0,0.775,1.3375
443,40.769803,-7.367515,4.876639,2.750662,0.165352,0.8,0,0.775,1.3125
444,40.867042,-7.457713,4.912966,2.767294,0.176812,0.8,0,0.7625,1.2625
445,40.964015,-7.548274,4.947644,2.784987,0.18815,0.8,0,0.7625,1.25
446,41.060702,-7.639182,4.980569,2.80372,0.199421,0.8,0,0.7625,1.2375
447,41.157078,-7.730413,5.011638,2.823481,0.210744,0.8,0,0.775,1.1875
448,41.253117,-7.821934,5.040748,2.844266,0.222213,0.8,0,0.775,1.15
449,41.348788,-7.9137,5.067799,2.866082,0.233975,0.8,0,0.7625,1.1125
450,41.444057,-8.005661,5.092688,2.888946,0.246153,0.8,0,0.775,1.0875
451,41.538887,-8.097752,5.115314,2.912886,0.258912,0.8,0,0.775,1.05
452,41.633236,-8.1899,5.135575,2.937942,0.272395,0.8,0,0.775,1.05
453,41.727062,-8.282024,5.153369,2.964164,0.28677,0.8,0,0.7875,1.025
454,41.820318,-8.374028,5.168592,2.991615,0.302184,0.8,0,0.8,1.0125
455,41.912953,-8.46581,5.181141,3.020365,0.318799,0.8,0,0.8125,1.025
456,42.004918,-8.557254,5.190913,3.050495,0.336745,0.8,0,0.7875,1.025
457,42.096163,-8.648238,5.197806,3.082093,0.356164,0.8,0,0.8,1.025
458,42.186636,-8.738626,5.201717,3.11525,0.377149,0.8,0,0.775,1.0125
459,42.27629,-8.828276,5.202549,-3.133124,0.399793,0.8,0,0.775,1.0375
460,42.36508,-8.917036,5.200206,-3.096562,0.42413,0.8,0,0.775,1.0375
461,42.452968,-9.004744,5.194598,-3.058159,0.450174,0.8,0,0.7375,1.075
462,42.539919,-9.091233,5.185639,-3.017828,0.477862,0.8,0,0.6875,1.1125
463,42.625909,-9.176326,5.173253,-2.975495,0.507089,0.8,0,0.7,1.1625
464,42.710923,-9.259844,5.157373,-2.931099,0.537656,0.8,0,0.6875,1.1875
465,42.794956,-9.341599,5.137941,-2.884597,0.569296,0.8,0,0.675,1.25
466,42.878017,-9.421404,5.114913,-2.835973,0.601634,0.8,0,0.6625,1.2875
467,42.960125,-9.499066,5.088259,-2.785235,0.634218,0.8,0,0.65,1.3375
468,43.041316,-9.574393,5.057963,-2.732425,0.666484,0.8,0,0.625,1.425
469,43.121638,-9.647193,5.024025,-2.677619,0.697806,0.8,0,0.6375,1.475
470,43.201153,-9.717276,4.986463,-2.620931,0.727479,0.8,0,0.6375,1.5625
471,43.279935,-9.784457,4.945312,-2.562511,0.754781,0.8,0,0.65,1.6375
